трек плейнет;trek planet;True
трек планет;trek planet;True
лоучичентро;loucicentro;True
лоусисентро;loucicentro;True
спенс;spence;True
спенке;spence;True
джохнсонс;johnsons;True
йохнсонс;johnsons;True
сполка жовна;spolka jawna;True
сполка йавна;spolka jawna;True
свизц;swizz;True
свизз;swizz;True
пакард;packard;True
амп палоу;amp palau;True
амп палау;amp palau;True
жовна;jawna;True
йавна;jawna;True
нео-неон лед;neo-neon led;True
солер;soler;True
мицубиши хиви;mitsubishi heavy;True
митсубиши хеави;mitsubishi heavy;True
рам экспорт;ram export;True
рам эхпорт;ram export;True
аелос;aelos;True
абк моунт;abc mount;True
чеф амп;chef amp;True
колома вай;coloma y;True
колома и;coloma y;True
интернашенал лимитед;international limited;True
интернатионал лимитед;international limited;True
нео-неон лед лайтинг;neo-neon led lighting;True
нео-неон лед лигхтинг;neo-neon led lighting;True
бейхуи;baihui;True
баихуи;baihui;True
смарт коффе;smart coffee;True
смарт коффее;smart coffee;True
чомик сполка;chomik spolka;True
шейпито;shapito;True
шапито;shapito;True
бенбат;benbat;True
вай пастор;y pastor;True
и пастор;y pastor;True
бльюски;bluesky;True
блуески;bluesky;True
зигмунд амп;zigmund amp;True
амейзинг тоис;amazing toys;True
амазинг тоис;amazing toys;True
ватти;vatti;True
лед лайтинг;led lighting;True
лед лигхтинг;led lighting;True
лорена канальс;lorena canals;True
лорена каналс;lorena canals;True
амкв;amcv;True
3д мейкинг;3d making;True
3д макинг;3d making;True
джета;jeta;True
йета;jeta;True
шапохка;shapochka;True
шапочка;shapochka;True
дел кафф;del caffe;True
дел каффе;del caffe;True
страттон;stratton;True
элит;elit;True
кристилайт;crystilite;True
кристилите;crystilite;True
стратфорд;stratford;True
амп соммелир;amp sommelier;True
амп соммелиер;amp sommelier;True
амп страттон;amp stratton;True
сри рам;sri ram;True
хиви индустрис;heavy industries;True
хеави индустриес;heavy industries;True
гронбач;gronbach;True
команчи;komanchi;True
поуер продуктс;power products;True
повер продуктс;power products;True
хоня;honya;True
коффе клуб;coffee club;True
коффее клуб;coffee club;True
пастор;pastor;True
амп штейн;amp shtain;True
амп штаин;amp shtain;True
чомик;chomik;True
солер амп;soler amp;True
электроник блокс;electronic blocks;True
даьюу поуер;daewoo power;True
даевоо повер;daewoo power;True
декорашен;decoration;True
десоратион;decoration;True
лайтинг интернашенал лимитед;lighting international limited;True
лигхтинг интернатионал лимитед;lighting international limited;True
кут сунлайт;cute sunlight;True
куте сунлигхт;cute sunlight;True
бриггс;briggs;True
пиазза дел;piazza del;True
адренейлин;adrenalin;True
адреналин;adrenalin;True
бриггс амп;briggs amp;True
нео-неон;neo-neon;True
неччи;necchi;True
некчи;necchi;True
бритакс роемер;britax roemer;True
бритах роемер;britax roemer;True
силвер кросс;silver cross;True
гобелин;gobelin;True
сполка;spolka;True
лед лайтинг интернашенал;led lighting international;True
лед лигхтинг интернатионал;led lighting international;True
лайтинг интернашенал;lighting international;True
лигхтинг интернатионал;lighting international;True
роемер;roemer;True
европласт;europlast;True
еуропласт;europlast;True
мейбот;mabot;True
мабот;mabot;True
абиликс;abilix;True
абилих;abilix;True
соммелир;sommelier;True
соммелиер;sommelier;True
бренненштухл;brennenstuhl;True
бренненстухл;brennenstuhl;True
вениччи;venicci;True
веникки;venicci;True
