оклик;oklick
греенwоркс;greenworks
гринворкс;greenworks
гренворкс;greenworks
инои;inoi
гаисс;gauss
гаусс;gauss
cармега;carmega
кармега;carmega
мирех;mirex
мирекс;mirex
кодак;kodak
скул;scoole
дельта;delta
делта;delta
свен;sven
нескафе;nescafe
нескаф;nescafe
нескейф;nescafe
стомер;stomer
макита;makita
аирлине;airline
эйрлин;airline
ритмих;ritmix
ритмикс;ritmix
денон;denon
пирамида;pyramida
дач;dach
майкрасофт;microsoft
майкрософт;microsoft
микрософт;microsoft
микрозофт;microsoft
миcрософт;microsoft
раиберри;rayberry
эвигстеин;ewigstein
эвигштейн;ewigstein
топперр;topperr
траст;trust
авекс;avex
перилла;perilla
джаноме;janome
дженоме;janome
рассел хоббс;russell hobbs
хуион;huion
магма;magma
киосера;kyocera
киоcера;kyocera
кйосера;kyocera
пантум;pantum
крусиал;crucial
крушл;crucial
cруcиал;crucial
петерхоф;peterhof
петероф;peterhof
бебелот;bebelot
минсубисши;mitsubishi
митсубиши;mitsubishi
мицубиши;mitsubishi
сименс;siemens
вернел;vernel
индезит;indesit
ветта;vetta
вестел;vestel
дигма;digma
аccоона;accoona
аццоона;accoona
фут;foot
фоот;foot
смартбуи;smartbuy
смартбуй;smartbuy
смартбай;smartbuy
корсэйр;corsair
cорсаир;corsair
делл;dell
дэль;dell
франке;franke
фрэнке;franke
франк;franke
стрит сторм;street storm
стрет сторм;street storm
элейри;elari
элари;elari
гуд фут;good foot
кимбо;kimbo
леди;lady
лади;lady
лейди;lady
тека;teka
саундмакс;soundmax
тошиба;toshiba
самсунг;samsung
замзунг;samsung
хутер;huter
вертекс;vertex
вертех;vertex
шторм;storm
сторм;storm
кенвуд;kenwood
кэнвуд;kenwood
кенвод;kenwood
ред лине;red line
ред лин;red line
смайл;smile
смиле;smile
смаил;smile
логитех;logitech
логитеч;logitech
лоджитеч;logitech
вииикс;wiiix
викс;wiiix
вих;wiiix
катерпиллар;caterpillar
cатерпиллар;caterpillar
кейтерпиллар;caterpillar
вебер;veber
фильтеро;filtero
метабо;metabo
моторола;motorola
арм медиа;arm media
миеле;miele
миле;miele
мил;miele
фуджифилм;fujifilm
фуйифилм;fujifilm
гими;gimi
джими;gimi
нордланд;nordland
норланд;nordland
дудже;doogee
доге;doogee
дуге;doogee
медиа;media
рекам;rekam
игло;igloo
иглу;igloo
иглоо;igloo
оне аир;one air
оне эйр;one air
шиндо;shindo
интро;intro
вибе;vibe
вайб;vibe
виб;vibe
дюраселл;duracell
дураcелл;duracell
дурейселл;duracell
дураселл;duracell
дюрасель;duracell
дуракелль;duracell
медиса;medica
медика;medica
медиcа;medica
хапиcа;hapica
хапика;hapica
хотфрост;hotfrost
илгран;ulgran
улгран;ulgran
юлгран;ulgran
юлгрэн;ulgran
еликор;elikor
эликор;elikor
занусси;zanussi
зануси;zanussi
альфа;alfa
алфа;alfa
юкинокс;ukinox
укинокс;ukinox
укинох;ukinox
костадоро;costadoro
аэрокул;aerocool
хайпер;hiper
хипер;hiper
жаубоне;jawbone
аусини;ausini
осини;ausini
хаусманн;hausmann
хоусманн;hausmann
капро;kapro
юнит;unit
унит;unit
тексет;texet
грета;greta
ворлд висион;world vision
ворлд висен;world vision
роммелсбахер;rommelsbacher
хаус;house
хоусе;house
хауз;house
хоуз;house
таке;take
тейк;take
тэйк;take
крупс;krups
джуки;juki
логиc;logic
лоджик;logic
крезин;cresyn
кресин;cresyn
свит бейби;sweet baby
босх;bosch
босч;bosch
босш;bosch
бош;bosch
горенджи;gorenje
горенйе;gorenje
горенье;gorenje
горение;gorenje
горендж;gorenje
казио;casio
касио;casio
кейзио;casio
cасио;casio
шауб лоренц;schaub lorenz
шауб лоренз;schaub lorenz
олтреймакс;oltramax
лайн;line
лине;line
лин;line
телефункен;telefunken
маттео;matteo
хонор;honor
йонгнуо;yongnuo
браун;braun
веиссгауфф;weissgauff
веиссгофф;weissgauff
евролюкс;eurolux
еиролих;eurolux
еуролих;eurolux
еуролуx;eurolux
еуролух;eurolux
гардена;gardena
иг спорт;yg sport
акай;akai
принцесс;princess
принсесс;princess
принкесс;princess
долс густо;dolce gusto
долке густо;dolce gusto
партнер;partner
аппл;apple
аппле;apple
эппл;apple
эпл;apple
эйпипиэльи;apple
дефендер;defender
хоме;home
хоум;home
хом;home
бормиоли;bormioli
маунфелд;maunfeld
монфелд;maunfeld
гармин;garmin
навител;navitel
нейвител;navitel
wорк;work
ворк;work
дасх;dasch
дасч;dasch
дасш;dasch
максима;maxima
махима;maxima
лара;lara
лейра;lara
планта;planta
дефа;defa
фибаг;fubag
фибэг;fubag
фубаг;fubag
гефест;gefest
стрит;street
стреет;street
стрет;street
требл;trebl
ремингтон;remington
рэмингтон;remington
харпер;harper
топех;topex
топекс;topex
ваком;wacom
вейком;wacom
ваcом;wacom
шметз;schmetz
шметц;schmetz
либхер;liebherr
либхерр;liebherr
борт;bort
а-дата;a-data
а-дейта;a-data
cентре;centre
сентр;centre
кентре;centre
кентр;centre
профи;profi
медисана;medisana
бебилис;babyliss
бэбилис;babyliss
кс медика;cs medica
cс медиcа;cs medica
слубан;sluban
слюбан;sluban
бразерс;brothers
брозерс;brothers
бротхерс;brothers
бротерс;brothers
акпо;akpo
стеба;steba
балларини;ballarini
клатроник;clatronic
блокер;blocker
гранфест;granfest
робитон;robiton
вестерн;western
кортинг;korting
иcонбит;iconbit
иконбит;iconbit
айконбит;iconbit
персил;persil
персиль;persil
хаммер;hammer
чеймелеон;chameleon
чамелеон;chameleon
казе;case
кейз;case
cасе;case
касе;case
каз;case
алтаcто;altacto
алтакто;altacto
эсет;eset
фисхер;fischer
фисчер;fischer
фишер;fischer
кук;cook
cок;cook
цоок;cook
бразер;brother
бразерс;brother
бротер;brother
брозер;brother
ронделл;rondell
рива;riva
адвокам;advocam
адвоcам;advocam
асус;asus
азус;asus
хайвей;huawei
хуавей;huawei
хуовеи;huawei
хуавеи;huawei
беко;beko
веко;beko
бокх;boch
боч;boch
озон;ozone
озоне;ozone
легенд;legend
легенда;legend
ледженд;legend
кукмара;kukmara
кукмейра;kukmara
лаплейа;laplaya
лаплая;laplaya
лаплайя;laplaya
лаплаыа;laplaya
аврора;aurora
аурора;aurora
оурора;aurora
ойстерс;oysters
остерс;oysters
оустерс;oysters
инспеcтор;inspector
инспектор;inspector
оазис;oasis
оасис;oasis
ибокс;ibox
ибох;ibox
хоризонт;horizont
мидеа;midea
мидея;midea
леифхеит;leifheit
лиифхеит;leifheit
лейфхейт;leifheit
дольче;dolce
долке;dolce
дольк;dolce
долс;dolce
бека;beka
лексмарк;lexmark
лехмарк;lexmark
люмиен;lumien
буро;buro
хувер;hoover
хоовер;hoover
пфилипс;philips
пхилипс;philips
филипс;philips
филлипс;philips
паркcити;parkcity
парксити;parkcity
делуxе;deluxe
делюкс;deluxe
дэлих;deluxe
делухе;deluxe
делукс;deluxe
вистлер;whistler
вхистлер;whistler
нескафе дольче густо;nescafe dolce gusto
нескафе долке густо;nescafe dolce gusto
нескейф долс густо;nescafe dolce gusto
мелитта;melitta
электроник;electronic
элеcтрониc;electronic
флай лейди;fly lady
косоник;cosonic
козоник;cosonic
экситек;exiteq
артвэй;artway
артвей;artway
артвай;artway
онеплус;oneplus
блаупункт;blaupunkt
блаапункт;blaupunkt
залман;zalman
залмен;zalman
оппо;oppo
таллер;taller
толлер;taller
диджикейр;digicare
дигиcаре;digicare
касо;caso
cасо;caso
пролоджи;prology
прологи;prology
тима;tima
хаиер;haier
хэйер;haier
хайер;haier
крона;krona
паклан;paclan
старвинд;starwind
дубил;dubiel
фундеск;fundesk
нетис;netis
олмио;olmio
рекардо;recardo
промейт;promate
фотофаст;photofast
эзетил;ezetil
езетил;ezetil
силикон;silicon
силиcон;silicon
силисон;silicon
вента;venta
вэнта;venta
асрок;asrock
силкн;silkn
карраро;carraro
микромакс;micromax
миcромах;micromax
ирит;irit
блаквуе;blackvue
блэквю;blackvue
шауб;schaub
тек;tech
теч;tech
дипкул;deepcool
депcол;deepcool
мулинекс;moulinex
ультрафлаш;ultraflash
ультрафлеш;ultraflash
хандерс;handers
оcтаво;octavo
октейво;octavo
сатурн;saturn
сейтурн;saturn
студио;studio
хоббс;hobbs
белсис;belsis
бисселл;bissell
баланке;balance
бэлэнс;balance
баланcе;balance
баланс;balance
баланк;balance
техас;texas
тексас;texas
белтрониcс;beltronics
белтроникс;beltronics
хаскварна;husqvarna
хусqварна;husqvarna
хускварна;husqvarna
бэйби;baby
бэби;baby
бейби;baby
баби;baby
биэйбивай;baby
тачбьюти;touchbeauty
сенсеит;senseit
лоренз;lorenz
лоренц;lorenz
скринмедиа;screenmedia
спорт;sport
шиваки;shivaki
флама;flama
флейма;flama
коломбо;colombo
соломбо;colombo
цоломбо;colombo
дюне;dune
дун;dune
дуне;dune
комманд;command
греен;green
гриин;green
грин;green
грен;green
тефаль;tefal
тефал;tefal
евро;euro
еуро;euro
сигер;siger
сиджер;siger
полейрис;polaris
поларис;polaris
полярис;polaris
циллингер;zillinger
зиллингер;zillinger
зиллинджер;zillinger
роccис;roccis
роксис;roccis
нескафе долче;nescafe dolce
несцафе долце;nescafe dolce
нескейф долс;nescafe dolce
нескафе долке;nescafe dolce
сандиск;sandisk
дайсон;dyson
дусон;dyson
дысон;dyson
дисон;dyson
скотч-брайт;scotch-brite
скотч-брит;scotch-brite
скотч-брите;scotch-brite
аристон;ariston
соундстреам;soundstream
зоундштреам;soundstream
фаворит;favorit
иниел;uniel
униел;uniel
косс;koss
люксел;luxele
клеан хоме;clean home
клин хоум;clean home
позис;pozis
смарт баланс;smart balance
плэйми;playme
плейм;playme
плаиме;playme
майзу;meizu
мейзу;meizu
мэйзу;meizu
меизу;meizu
оптиcлеан;opticlean
оптиклин;opticlean
поwер;power
повер;power
повэр;power
пауэр;power
поуер;power
стайнгер;stinger
стинге;stinger
стингер;stinger
стинджер;stinger
канон;canon
кенон;canon
кэнон;canon
cанон;canon
кейнон;canon
неолайн;neoline
неолин;neoline
неолине;neoline
ивовн;iwown
ивоун;iwown
виннер;winner
силикон повер;silicon power
силиcон повер;silicon power
силикон пауер;silicon power
шарп;sharp
дофлер;doffler
доффлер;doffler
омрон;omron
делонги;delonghi
маан;maan
пролинк;prolink
скил;skil
сват;swat
енерги;energy
енергы;energy
энерджи;energy
энерги;energy
стеинел;steinel
пауэрком;powercom
бонеко;boneco
бонесо;boneco
бонецо;boneco
бонеcо;boneco
мачин;machine
мачине;machine
машин;machine
машина;machine
вирпул;whirlpool
патриот;patriot
ганс;gans
хгэнс;gans
кингстон;kingston
кингштон;kingston
сенкор;sencor
супра;supra
сапра;supra
касперский;kaspersky
клеан;clean
клиеан;clean
цлеан;clean
сиэльиэйэн;clean
шо-ми;sho-me
шо-ме;sho-me
шо-м;sho-me
гоод;good
гуд;good
гууд;good
эталон;etalon
этейлон;etalon
эс джей кам;sjcam
сйcам;sjcam
сжкам;sjcam
бльюдио;bluedio
блуедио;bluedio
джиэфгрил;gfgril
гфгрил;gfgril
хоумдикс;homedics
сингер;singer
сони;sony
волстен;volsten
фолштен;volsten
тп-линк;tp-link
лумме;lumme
люмме;lumme
люмм;lumme
навигатор;navigator
новигэтор;navigator
нейвигейтор;navigator
даеwоо;daewoo
даеву;daewoo
дайву;daewoo
даево;daewoo
даьюу;daewoo
нинбо;ningbo
нингбо;ningbo
пластик;plastic
пластиc;plastic
диалог;dialog
дремель;dremel
дремел;dremel
кумо;qumo
квмо;qumo
панасаник;panasonic
панасониц;panasonic
пэнисоник;panasonic
панасоник;panasonic
пейнейзоник;panasonic
панасониc;panasonic
дисней;disney
дисни;disney
wхите;white
вайт;white
врайт;white
вхите;white
вайнс;white
уайт;white
ромбиcа;rombica
ромбика;rombica
эриссон;erisson
энги;engy
инги;engy
тимберк;timberk
граунд;ground
гроунд;ground
тома;thomas
тхомас;thomas
томас;thomas
стадлер форм;stadler form
баги;bagi
а4теч;a4tech
а4тек;a4tech
грин эппл;green apple
энергизер;energizer
энерджизер;energizer
энерджайзер;energizer
др.веб;dr.web
ренова;renova
иппон;ippon
орал б;oral-b
орал би;oral-b
орал-б;oral-b
орал-би;oral-b
оралби;oral-b
орал - би;oral-b
оуэрэйэль-би;oral-b
брита;brita
эскорт;escort
профи кук;profi cook
дигитал;digital
диджитал;digital
диайджиайтиэйэль;digital
гранила;granula
гранула;granula
грэнула;granula
пионир;pioneer
ноубл;noble
нобле;noble
нобл;noble
нобль;noble
пулсар;pulsar
лира;lira
вестерн диджитал;western digital
де роккис;de roccis
астралюкс;astralux
астралух;astralux
тристар;tristar
витрум;vitrum
лидер;leader
леадер;leader
джета;jet.a
грас;grass
грасс;grass
грэз;grass
китфорт;kitfort
дунобил;dunobil
дюнобил;dunobil
cарори;carori
карори;carori
рода;roda
дарина;darina
пилот;pilot
cолер мастер;cooler master
кулер мастер;cooler master
винх;winx
винкс;winx
бествей;bestway
бествай;bestway
фохвелд;foxweld
фоксвелд;foxweld
зиксел;zyxel
джилет;gillette
жилет;gillette
жиллет;gillette
гиллетте;gillette
джилетт;gillette
джиллетт;gillette
гиллетт;gillette
джиллетте;gillette
мейджик;magic
мэджик;magic
мэйджик;magic
меджик;magic
маджик;magic
магик;magic
мажик;magic
бинатон;binatone
экос;ecos
соломон;solomon
камбрук;kambrook
скинбокс;skinbox
скинбох;skinbox
доллитой;dollytoy
доллитои;dollytoy
вигор;vigor
ками;kami
джимини;gmini
разер;razer
рейзер;razer
рэйзер;razer
термекс;thermex
термех;thermex
тхермеx;thermex
эндевер;endever
пи си пет;pc pet
датакам;datakam
дейтейкам;datakam
статис;status
статус;status
майер;mayer
мейер;mayer
маиер;mayer
юнмай;yunmai
йунмаи;yunmai
макскут;maxcut
махcут;maxcut
макскат;maxcut
гопро;gopro
гоупро;gopro
хелфер;helfer
харте;harte
призма;prisma
присма;prisma
сильверстон;silverstone
сильверстоун;silverstone
зилферштоне;silverstone
силверстоне;silverstone
спидер;spider
бук;book
боок;book
прараб;prorab
прораб;prorab
канди;candy
кенди;candy
cанди;candy
кэнди;candy
тенда;tenda
холдер;holder
ломонд;lomond
кромакс;kromax
кромах;kromax
маршолл;marshall
маршалл;marshall
деппа;deppa
айсер;acer
асер;acer
эйсер;acer
эсер;acer
аcер;acer
кактус;cactus
cаcтус;cactus
форм;form
кинетик;keenetic
приме лине;prime line
прим лин;prime line
баллу;ballu
денн;denn
трэндвижн;trendvision
трендвисен;trendvision
трендвисион;trendvision
скиентифиc;scientific
ссинтифик;scientific
скиентифик;scientific
эдиссон;edisson
менгбейди;mengbadi
менгбади;mengbadi
олимпус;olympus
флавиа;flavia
калселл;calcell
охион;oxion
оксион;oxion
хюндай;hyundai
хиундаи;hyundai
хюндаи;hyundai
хендай;hyundai
редмонд;redmond
рэдмонд;redmond
ксиаоми;xiaomi
ксиоми;xiaomi
ксяоми;xiaomi
сяоми;xiaomi
хиоми;xiaomi
хиаоми;xiaomi
гемлух;gemlux
жемлюкс;gemlux
джемлюкс;gemlux
купперсберг;kuppersberg
орегон сайнтифик;oregon scientific
орегон ссинтифик;oregon scientific
орегон скиентифик;oregon scientific
сакура;sakura
cрунч;crunch
крунч;crunch
кранч;crunch
галанте;galante
сигейт;seagate
сигэйт;seagate
сеагате;seagate
гиаретти;giaretti
джиаретти;giaretti
скарлет;scarlett
скарлетт;scarlett
нокиа;nokia
нокия;nokia
нинтендо;nintendo
никон;nikon
тодэй;today
тудэй;today
тодей;today
тодай;today
тодаи;today
белло;bello
фусион;fusion
фусен;fusion
фьюжн;fusion
фузион;fusion
канион;canyon
каньон;canyon
кейнион;canyon
елика;elica
элика;elica
евростек;eurostek
ниллкин;nillkin
стайер;stayer
стауер;stayer
стаыер;stayer
махвелл;maxwell
максвелл;maxwell
артс;arts
хелейдив;heladiv
хеладив;heladiv
форнелли;fornelli
свит;sweet
свеет;sweet
свет;sweet
суит;sweet
кархер;karcher
карчер;karcher
керхер;karcher
кёрхер;karcher
треймонтина;tramontina
трамонтина;tramontina
бандаи;bandai
витессе;vitesse
интел;intel
икс-трай;x-try
х-три;x-try
икс-три;x-try
микролаб;microlab
джура;jura
жюра;jura
джураз;jura
йура;jura
юра;jura
жура;jura
ворлд;world
уорлд;world
трансенд;transcend
трансент;transcend
трансэнд;transcend
транссенд;transcend
транскенд;transcend
смарт;smart
робин;robin
робен;robin
робан;robin
виллмарк;willmark
куллер;cooler
кулер;cooler
cолер;cooler
коолер;cooler
фрап;frap
механикал;mechanical
мечаникал;mechanical
мечейникал;mechanical
мечанисал;mechanical
ямаха;yamaha
максви;maxvi
махви;maxvi
элемент;element
расселл;russell
рассел;russell
гигасет;gigaset
блак фох;black fox
блэк фокс;black fox
епсон;epson
эпсон;epson
ерсон;epson
пролик;prolike
пролике;prolike
эмса;emsa
емса;emsa
джениус;genius
гениус;genius
д-колор;d-color
д-cолор;d-color
нефф;neff
вижн;vision
висион;vision
висен;vision
визион;vision
клэй;clay
cлай;clay
клей;clay
ягуар;jaguar
кугуар;cougar
кугар;cougar
рефлеx;reflex
рефлекс;reflex
рефлех;reflex
топ хаус;top house
сега;sega
реач;reach
риач;reach
гроунд зеро;ground zero
граунд зеро;ground zero
еуродомо;eurodomo
евродомо;eurodomo
г-кейз;g-case
г-касе;g-case
приме;prime
прайм;prime
прим;prime
маджик пауер;magic power
алкател;alcatel
алкатель;alcatel
алкейтел;alcatel
алcател;alcatel
флорентина;florentina
флоринтина;florentina
ренар;renard
ренард;renard
златек;zlatek
злейтек;zlatek
ровента;rowenta
равента;rowenta
роуента;rowenta
краулер;krauler
кроулер;krauler
джарко;jarko
интего;intego
хама;hama
престижио;prestigio
пристиджио;prestigio
престиджио;prestigio
престигио;prestigio
гала;gala
скуаре;square
сквар;square
скваре;square
сквейр;square
витек;vitek
дубил витрум;dubiel vitrum
аква;aqua
аукуа;aqua
зеро;zero
серы;zero
густо;gusto
кейз лоджик;case logic
касе логик;case logic
биалетти;bialetti
джинга;jinga
боманн;bomann
зилмер;zilmer
джет эйр;jet air
wестер;wester
вестер;wester
вестэр;wester
херох;xerox
ксерокс;xerox
хелпер;helper
калгонит;calgonit
д-линк;d-link
длинк;d-link
накатоми;nakatomi
санхайзер;sennheiser
сеннхейсер;sennheiser
сенхайер;sennheiser
сенхайзер;sennheiser
сеннхеизер;sennheiser
сеннхеисер;sennheiser
мастер;master
мастэр;master
мэстэр;master
стурм;sturm
эйдж;edge
эдж;edge
эддж;edge
эдге;edge
аква ворк;aqua work
синтеc;sintec
синтек;sintec
цезарис;cezaris
cезарис;cezaris
эгоисте;egoiste
эгуаст;egoiste
лександ;lexand
леханд;lexand
онекст;onext
беросси;berossi
хитачи;hitachi
блэк;black
блак;black
блек;black
боар;black
бэар;black
биэльэйсикей;black
блакк;black
дефорт;defort
стадлер;stadler
вьюсоник;viewsonic
шолль;scholl
шоль;scholl
шолл;scholl
ханза;hansa
ханса;hansa
нобби;nobby
маст;must
муст;must
орион;orion
синбо;sinbo
лавацца;lavazza
лавазза;lavazza
хуаиу;huayu
хуейу;huayu
орегон;oregon
гейлейкси;galaxy
галахи;galaxy
гэлакси;galaxy
галакси;galaxy
гелакси;galaxy
марво;marvo
ленова;lenovo
леново;lenovo
стайл;style
стуле;style
стыле;style
стиле;style
магнит;magnit
ребир;rebir
леран;leran
електролукс;electrolux
електролюкс;electrolux
елецтролуx;electrolux
електролюх;electrolux
электролюкс;electrolux
электролюх;electrolux
элеcтролух;electrolux
селенга;selenga
маллони;mallony
камелион;camelion
хамелеон;camelion
цамелион;camelion
ирбис;irbis
тассимо;tassimo
титан;titan
фосус;focus
фокус;focus
фокас;focus
фоcус;focus
зелмер;zelmer
мистери;mystery
бенк;benq
бенкью;benq
бэнкью;benq
ариете;ariete
арит;ariete
мечанисал бротерс;mechanical brothers
мечейникал брозерс;mechanical brothers
смартерра;smarterra
сентек;centek
cентек;centek
рикох;ricoh
стилсериес;steelseries
стилсерис;steelseries
стелсериес;steelseries
сомат;somat
дарк;park
парк;park
мейер боч;mayer boch
акел;akel
покетбук;pocketbook
гинзу;ginzzu
гинцзу;ginzzu
гинззу;ginzzu
аcтивисион;activision
активижен;activision
