weight	variant	ru_trans	eng_trans	init_query
4	солнцево	соло	monoproteico solo	солнцево park
2	сущевская улица	ултра	royal canin ultra	сущевская улица
1	конин кострированых	канин	canin yorkshire	royal конин для кострированых котов
3	пеленка	дефенке	defence	пелёнка для животных
3	поводок	повдер	baby powder	поводок
0	л)		oops!	древесный наполнитель для кошачьего туалета (5 л)
0	г)		oops!	паучи royal canin renal для кошек при хпн с тунцом (85 г)
1	хепи	хеппи	happy dog	хепи cat
1	колин	клин	ever clean	pro колин
2	совок	соло	dog monoproteico solo	совок
1	пак	парк	park potty	pro пак
1	стоп-цистит	степ	step crystals	стоп-цистит
1	стоп-стресс	степ	step crystals	стоп-стресс
1	лд	3д	rolf club 3d	hill's лд
5	стоморджил	стерил	plan nutrisavour steril	стоморджил №2
3	мотыль	тотал	total	мотыль средний aqua меню
1	мальта софт вывода	мальт	beaphar malt bits	мальта софт extra для вывода шерсти
3	кьюзин	клин	ever clean fast	green кьюзин
2	гипатик	хепатик	hepatic	гипатик для кошек
2	окей	кейр	brit care kitten	with окей
7	питаниемдля	канинмини	canin mini exigent	hill's диетическое питаниемдля кошек
2	страйд	стерайл	perfect fit sterile	страйд plus
4	каптокур	натур	cavia nature	sera каптокур
3	сканер	начер	almo nature legend	royal сканер
3	глобал	тотал	total	глобал vet
1	клозе	клозет	closet cat for	в и с и клозе т наполнитель
3	москва	аква	ever clean aqua	москва
4	кормушки	каттурки	cat turkey	кормушки для волнистых попугаев
1	ом	ол	adult all breed	purina ом
4	аквариум	аква	clean aqua	аквариум
2	чау	чов	chow urinary tract	cat чау
0	трос, м,		oops!	рулетка flexi design, трос, 3 м, 8 кг
0	№й1		oops!	наполнитель силикагелевый №й1
5	расческа	сера	sera goldy	расческа
1	эдель	эдел	edel	эдель cat
2	эвиталия	виталин	vitaline	эвиталия vet
7	вычесывания	ветеринари	diets veterinary diets	щетка для вычесывания
1	хэпи	хэппи	happy cat	хэпи cat
0	метаболик	метаболик	metabolic	hill's метаболик
2	банках	панах	panax ginseng	хепи dog в банках
3	уринаривет	уринарихеалт	protection urinary health	уринаривет dog
3	товары	ковер	clean total cover	товары от блох кошкам
4	прокладка	проплан	pro plan vet	tetra прокладка
1	флекес	флакес	colour flakes	tetra мин флекес
2	цестал	дентал	dental	таблетки цестал plus
6	сухопутной	тоол той	tool toy dog	сухопутной черепах и
1	модерайт калории	калорие	intestinal moderate calorie	сухой корм royal canin gastro intestinal модерайт калории
3	рюкзак-переноска	люксан	luxsan	рюкзак-переноска для кошки
2	фарм	фор	senior for dog	royal фарм
1	конин	канин	canin yorkshire	royal конин
6	лактирующих	натуралмих	padovan naturalmix canarini	royal canin для лактирующих кошек
2	эдвансед	адванкед	adult advanced fitness	renal эдвансед
3	эдванс	эндрайс	beef and rice	renal эдванс
3	адванс	аква	ever clean aqua	renal адванс
1	реал	ренал	renal function	реал canin renal
1	раял	роял	royal canin adult	раял canin
0	проплан	проплан	pro plan junior	purina проплан для пожилых кошек
2	коллин	клин	clean multi crystals	pro коллин
4	деодный	дефенс	daily defence lamb	ошейник для собаки цветов деодный
4	отофенол	профешнал	professional herbivor	отофенол gold
2	бокс	микс	tetra tetrawafer mix	multi бокс для рулетки flexi
3	мелкий	мулти	tetra tetrapleco multi	мотыль мелкий aqua меню
3	очиски	мисси	missy for	капли для очиски о шерсти
3	колики	голоси	golosi	же колики
1	ланч	лунч	feinsten light lunch	dog ланч
2	грунт	гран	gran	грунт для сухопутной черепах и
2	чейз	шейп	bone shape	best чейз
3	17кг	микс	tetrawafer mini mix	acana 17кг
6	электронный	селектион	tetra selection	электронный ошейник
3	цепь	бееф	adult beef and	цепь металлическая
0	хилс кг.		oops!	хилс k/d 1.5 кг.
1	кд	3д	rolf club 3d	hill's кд
3	хелвет кантарен перорального	феррет	versele laga ferret	хелвет кантарен рр для перорального применения 20 мл
6	фитокомплекс очистительный	комплете	mineral complete	фитокомплекс очистительный веда
1	коат	кат	monge cat urinary	super коат
3	строгий металлический	стронг	extra strong	строгий металлический ошейник
3	сольфак	сулфат	sulfat	сольфак 1 л
1	канен	канин	canin yorkshire	royal канен
2	профикс	оромикс	oro mix	профикс fit
0	превикокс,		oops!	превикокс,
4	попугаи	пуппи	eukanuba puppy small	попугаи ветеринарные препараты
6	56х37х35	чихуахуа	canin chihuahua adult	переноска для животных blueberry 56х37х35 см
8	многоразовая	монгедог	monge dog	пелёнка многоразовая
7	впитывающая	витакрафт	vitakraft	пелёнка впитывающая многоразовая
3	мокрый	мор	more	мокрый happy dog
1	мальта софт	мальт	beaphar malt bits	мальта софт extra
2	софт	форт	spezial forte	malt софт
3	лавета	лага	laga cavia	лавета super
1	кон	бон	potty bone	корм кон для котят меню №1
2	канвит биокаль	канин	royal canin gastro	канвит биокаль plus
2	канами хондро	канада	dog supreme canada	канами хондро maxi
4	игровой	индоор	holistic indoor	игровой комплекс
0	сан бернард	сан	san	и в сан бернард
1	евер	эвер	ever clean multiple	евер clean
3	гамак батарею	снак	laga crispy snack	гамак для кошек на батарею
4	влажный	план	plan nutrisavour adult	влажный happy dog
0	клозет	клозет	wc closet	ви с и клозет
3	веткорм	петфор	miracle pet for	веткорм farmina struvit
1	санабелль	санабелле	sanabelle urinary	bosch санабелль
8	принадлежности	мираклджаст	miracle jast for	aqua принадлежности
4	нобивак	бифар	beaphar new	нобивак
5	гельминтал	дентал	pro plan dental	гельминтал
4	фасовка	асана	acana heritage puppy	urinary s/o lp34 фасовка 1.5 кг
5	британских	брит кар	brit care seabream	royal canin для британских кошек 2 кг
3	дулиент	диет	prescription diet	дулиент
3	синулокс	синглес	singles	синулокс
6	скворечник	кейнин	canin urinary	скворечник
1	5м	эм	glm	5м поводок
4	мексидол	хеппидог	happy dog	мексидол vet
4	кошачий	канин	canin pug	наполнитель кошачий
3	ветмедин	вет дит	vet diet	ветмедин
3	рыбки	турки	plan light turkey	рыбки
2	колесо	косо	mix coco	колесо для грызунов
5	намордник	канарини	padovan naturalmix canarini	намордник
3	одежда	дерма	plan derma	одежда
3	обувь	оут	out	обувь
4	коньково	контрол	chow hairball control	коньково
2	алезан	клеан	clean aqua breeze	алезан
5	ронколейкин	роял кейнин	royal canin digest	ронколейкин
4	вазотоп	зоом	zoom deluxe	вазотоп
3	попона	проплан	pro plan housecat	попона
6	подгузники	джуниор	canin mini junior	подгузники
2	феливей	фелине	feline	Феливей
3	ботинки	эзотики	padovan naturalmix esotici	Ботинки для собак
2	миска	микс	tetra tetrawafer mix	миска
2	фебтал	дентал	dental	фебтал
3	суролан	проплан	pro plan housecat	суролан
4	воротник	протеин	indigestible protein	воротник
1	миски	мисси	missy	миски
4	отибиовин	табимин	tabimin	отибиовин
1	хилс	хиллс	hill's	Хилс
5	превикокс	премиум	premium amazone	Превикокс
2	хомяк	хоме	home	хомяк
2	цамакс	макс	max	цамакс
3	фильтр	фит	perfect fit	фильтр
4	компрессор	комплетол	complet all breeds	Компрессор
3	поилки	даили	almo nature daily	поилки для грызунов
1	асд	юсд	small dog usd	асд
4	лежанки	еаси	easy croc	лежанки для собак
4	террариум	тетрамин	tetramin junior	террариум
2	лампа	ламб	holistic adult lamb	лампа
2	пропалин	проплан	pro plan	пропалин
2	онсиор	юниор	feinsten junior	онсиор
3	вольер	пуллер	puller standard	Вольер
3	байтрил	вайтпирл	white pearl	Байтрил
3	фильтры	ультра	ultra light	фильтры
3	строгий	стронг	extra strong	Строгий ошейник
4	котэрвин	катжсин	cat jcean	котэрвин
6	антицарапки	оптибаланке	pro plan optibalance	антицарапки
4	энроксил	энэрси	nrc	Энроксил
2	секс барьер	сера	sera red parrot	Секс барьер
3	поилка	делика	repto delica	Поилка
4	зоогурман	догман	dogman	Зоогурман
4	антисекс	активе	active	Антисекс
2	эурикан	африкан	african	эурикан
4	римадил	смалл	adult dog small	римадил
4	памперсы	алдерс	dr. alders	памперсы
5	милпразон	миракл	miracle jast for	милпразон
5	комбинезон	комплетол	golosi complet all	комбинезон
3	вакцина	актинг	clean fast acting	вакцина
2	ципам	випан	sera vipan	Ципам
4	аквариума	картуна	care tuna	Фильтр для аквариума
4	глобфел	голдфиш	goldfish granules	Глобфел
4	адресник	атлетик	large adult athletic	Адресник
4	контейнер	трейнер	trainer fitness	контейнер
5	фоспренил	комплетол	golosi complet all	фоспренил
2	носки	носе	nose	носки
6	мастометрин	сатиети	canin satiety	мастометрин
5	марфлоксин	малови	tetra malawi flakes	марфлоксин
2	зорька	орка	petstages orka tube	зорька
3	бонусы	догусд	dog usd	бонусы
1	биафар волос	бифар	beaphar vit bits	биафар двойная паста для выведения волос
1	анимода	анимонда	animonda vom feinsten	анимода
4	овариовит	варио	flexi vario blue	Овариовит
4	лиарсин	стаин	hard floor stain	Лиарсин
2	баюн	браун	flexi vario brown	Кот баюн
6	комбенизоны	комбо	combo spot	Комбенизоны
4	ипакитине	активе	active	Ипакитине
6	новогиреево	нов фреш	now fresh	новогиреево
2	мячи	мини	mini mix	Мячи для собак
1	рог	дог	nerf dog	рог
1	мел	мейл	male	мел
3	хомяки	хоме	home	Хомяки
3	гамак	снак	laga crispy snack	гамак
2	лошадиная сила	сера	sera red parrot	шампунь лошадиная сила против перхоти
5	черепаха	сера	sera goldy	черепаха
5	фоспасим	компакт	compact	фоспасим
2	секс барьер	сера	sera red parrot	секс барьер
4	мелоксидил	мелодимих	padovan melodymix	мелоксидил
4	гемобаланс	оптибаланс	plan optibalance	гемобаланс
3	гарошик	карибик	karibic	гарошик
2	бандаж	банд	bio band	бандаж
3	апоквел	паркве	parque	апоквел
3	хорошка	орка	petstages orka tire	Хорошка
1	форти флора	форт	haar spezial forte	Форти флора
7	нуклеопептид	клозет	closet cat	Нуклеопептид
0	кг)		oops!	Корм для собак Perfect Fit (0.5 кг)
4	гликопин	клумпин	clumpin	Гликопин
3	фитомины вывода	воод	dumbbelldog wood	Веда Фитомины для вывода шерсти для кошек
3	гестренол	ветренал	cat vet renal	гестренол для котов
4	попугая	попкорн	popcorn	Для попугая
5	фортифлора	фиори оро	fiory oro	фортифлора
4	гельминт	фелине	feline kitten	гельминт
4	эмицидин	даилилин	daily line extra	эмицидин
4	перчатка	перфект	perfect fit junior	Перчатка
2	заточка клюв	клуб	club	Заточка клюв
2	сфинксов	сфинкс	canin sphynx adult	Для сфинксов
4	ципровет	липлов	lip low	Ципровет
4	тоннель	рояль	royal	Тоннель
3	мопсов	моуссе	starter mousse	Для мопсов
0	см)		oops!	Впитывающие коврики Luxsan Premium для животных (60*90 см)
3	террамицин	тетрамин	tetra tetramin holiday	террамицин
2	сила	сера	sera red parrot	сила
1	сева	сера	sera goldy gran	сева
5	светильник	вет лиф	farmina vet life	светильник
2	орозим	оромих	fiory oro mix	орозим гель
2	купить шапку козырьком	шампу	shed control shampoo	купить шапку с козырьком для собак
5	кокосовый	кокорит	grandmix cocorite	кокосовый
3	кантарен	канарини	padovan naturalmix canarini	кантарен
4	ипакетине	активе	active	ипакетине
3	лошадей	холидей	tetra goldfish holiday	для лошадей
1	гепатик	хепатик	royal canin hepatic	гепатик
3	гамавит	гарант	alders garant	гамавит
3	вакцины	актинг	clean fast acting	вакцины
4	бровекто	репто	tetra repto	бровекто
4	аллюминум	платинум	platinum line	аллюминум
1	цезарь	цезар	cesar	Цезарь
3	ферамон	тетрамин	tetra tetramin holiday	Ферамон
4	фелиферон	флиер	orka flyer	Фелиферон
5	травматин	табимин	tabimin	Травматин
1	сепия	сепиа	vitakraft sepia	Сепия
3	тележка	делика	repto delica	Рюкзак тележка
4	присоска	криспс	tetrapro algae crisps	Присоска
3	олений	бленд	crystals blend	Олений рог
5	таблеткпх	азлетик	large adult athletic	Лиарсин в таблеткпх
5	лапомойка	анимонда	animonda carny adult	Лапомойка
5	лактостоп	лайткат	light cat	Лактостоп
3	крышка	крок	bigl croc maxi	Крышка для аквариума
5	когтерезка	догтурки	dog turkey	Когтерезка
6	иммунофан	пейдован	padovan grandmix	Иммунофан
5	защитный	катнип	beaphar catnip	Защитный воротник
1	виси комкующий	вис	with shrimps	Виси клозет комкующий наполнитель
4	липучках	лигхткат	light cat	Ботинки для собак на липучках
1	бонусная карта	карте	carte	Бонусная карта
1	бинт	бент	bent classic	Бинт
4	артрогликан	артроспира	arthrospira	Артрогликан
10	антигельминтозные	канин интенсе	canin intense	Антигельминтозные
2	айда гулять	аква	ever clean aqua	Айда гулять
2	азикан	африкан	african	Азикан
3	сергиев посад	план	plan pro	Сергиев посад
2	марьина роща	орка	petstages orka tube	Марьина роща
4	попугай	попкорн	popcorn	попугай
2	карелл	каре	brit care chicken	клетка для попугаев карелл
4	взрослые	верселе	versele laga hamster	взрослые собаки
0	кг.		oops!	Hill's k/d 1.5 кг.
2	шиншилла	чинчилла	versele laga chinchilla	шиншилла
2	чему	мену	light menu	чему спрей
0	ягненком,		oops!	Корм Monge Speciality Line Puppy & Junior Lamb для щенков всех пород с ягненком, рисом и картофелем
2	анти	апи	api-san	Анти
1	ям	эм	glm	ям
5	подставка	петстагес	petstages dogwood	подставка
1	камни	карни	animonda carny	камни
5	закрытый	актайв	adult active	лоток закрытый
3	хорькам	орка	petstages orka tire	Хорькам
2	хорька	орка	petstages orka tube	Корм для хорька
2	запах	панах	panax ginseng	Запах
6	аквариумные	канарини	fiory canarini	Аквариумные фильтры
3	фидика	феликс	felix sensations	фидика
4	пакетов	активе	active	контейнер для пакетов
5	автогамак	догман	dogman	автогамак
5	резиновые	фелине	feline kitten	Резиновые игрушки
3	шприц	брид	junior large breed	шприц
4	цитостат	оптистарт	pro plan optistart	цитостат
3	фуринайд	уринари	royal canin urinary	фуринайд
5	фитоэлита	вит битс	beaphar vit bits	фитоэлита
4	фитомины	фиори	fiory cincy	фитомины
1	фито	фино	fieno alpiland	фито
1	уро урси	про	plan pro plan	уро урси
4	уриновет	уринари	urinary	уриновет
3	улитки	элите	elite professional	улитки
3	трусы	китрус	citrus aurantium	трусы
2	травка	тракт	urinary tract	травка
4	симболакт	смоллкат	small cat	симболакт
4	сверчки	ветскин	vet skin	сверчки
3	салфетки	сатиети	satiety weight management	салфетки
3	родные	монге	monge cat hairball	родные корма
3	проколин	про план	pro plan adult	проколин
4	пробиотик	холистик	holistic puppy sensitive	пробиотик
4	прививка	пакифика	regionals pacifica	прививка нобивак
5	подгузник	догмини	dog mini neuseeland	подгузник
3	петушок	петфор	miracle pet for	петушок
2	волос	голоси	golosi tri mix	паста для выведения волос двойная
4	отсадник	оркастик	orka stick	отсадник
5	отибиовет	оптидиджест	optidigest	отибиовет
4	недоуздок	медиумдог	hair medium dog	недоуздок
1	натурел тренинг	натуре	almo nature legend	натурел тренинг
2	мультифел	мультипл	ever clean multiple	мультифел
2	мальтпаста	малтпасте	malt paste	мальтпаста
3	липомин	рептомин	tetra reptomin baby	липомин
4	ливеразол	ливер	liver	ливеразол
7	собакодежда	серакичлидс	sera cichlids sticks	лежанки для собакодежда для собак
3	купить снигиря	куни	cuni nature	купить снигиря
2	дверца	дерма	plan derma plus	кошачья дверца
4	котервин	протеин	indigestible protein	котервин
2	эрвин	граин	grain neutered	кот эрвин
5	настенная	теннис	tennis ball	когтеточка настенная
2	кликер	кикен	chicken chunks	кликер
2	каша	лага	laga big parakeet	каша
5	имунофан	падован	padovan	имунофан
3	жетон	тетра	tetra reptomin	жетон
4	доксифин	осинфиш	ocean fish	доксифин
4	дицинон	фино	fieno alpiland green	дицинон
3	грандорф	грандмих	grandmix cavie	грандорф
5	гомеопатия	хепатик	hepatic	гомеопатия
3	глелка	делика	repto delica	глелка
4	двойного охлаждающе-разогревающий	тойдог	tool toy dog	гель двойного действия охлаждающе-разогревающий
1	витасол	витапол	vitapol expert	витасол
3	бутокс	стикс	tetracichlid sticks	бутокс
1	эпи-отик	апи	api-san	Эпи-отик
4	элеовит	вит	with minced chicken	Элеовит
4	чесалка	асана	acana heritage puppy	Чесалка
2	хантер	хамштер	laga hamster	Хантер
3	фунгин	канин	canin giant	Фунгин форте
1	флорентин	флорентине	florentine	Флорентин
2	секс	сера	sera red parrot	Стоп секс
1	барер	баиер	bayer	Секс барер для кошек
5	светящийся	ветдитс	vet diets veterinary	Светящийся
3	попоны	кооне	coone	Попоны
3	плацента	пландентал	pro plan dental	Плацента
1	перфекс пит	вит	multi vit small	Перфекс пит
3	вывода	воод	dumbbelldog wood	Паста для вывода шерсти
3	паспорт	паррот	sera red parrot	Паспорт
3	памперс	алдерс	alders alders	Памперс
2	мультикан	мультипак	petreet natura multipack	Мультикан 6
2	мерный стакан	стаин	stain	Мерный стакан
3	мельбимакс	милбемакс	milbemax	Мельбимакс
3	мастиет	сатиети	satiety weight management	Мастиет форте
4	локсиком	иксикс	xxl	Локсиком
4	лестница	ресутита	matricaria recutita	Лестница
4	баранины	граин	adult grain free	Лакомства из баранины и ягненка
4	купалка	кавиа	cavia	Купалка
1	лап	лип	lip low	Крем для лап
0	пород,		oops!	Корм сухой Brit Care "Adult Small Breed" для собак мелких пород, с ягненком и рисом
4	комбинизон	кондитион	condition	Комбинизон
3	колпачки	компакт	compact	Колпачки
2	когти	потти	potty bone	Когти
3	сирийских хомяка	орка	petstages orka tire	Клетки для сирийских хомяка
2	канинсулин	канинскин	canin skin	Канинсулин
4	ипакетин	протеин	indigestible protein	Ипакетин
4	инсулин	стаин	hard floor stain	Инсулин
2	изотик	эзотики	padovan naturalmix esotici	Изотик
3	зеркало	беркли	berkley kitten	Зеркало для птиц
6	диназаврек	натуре	laga cuni nature	Диназаврек
4	гелевые	фелине	feline kitten	Гелевые пеленки
3	внешние аквариумом	веггие	tetra tetrapleco veggie	Внешние фильтры для аквариумом
2	витом	вит	multi vit small	Витом
2	витафел	витал	menu vital	Витафел
1	виси	вис	with shrimps	Виси
3	верные друзья	версел	prestige versele	Верные друзья
3	вакдерм	вафер	wafer	Вакдерм
4	антилай	активе	active	Антилай
3	анотен	киттен	kitten	Анотен
3	анандин	канин	canin giant	Анандин
4	алюминиум	платинум	platinum line	Алюминиум спрей
3	акция	аква	ever clean aqua	Акция
1	авва	аква	aqua breeze scent	Авва
4	антигельмиртик профенндер	профешнал	professional herbivor	АНТИГЕЛЬМИРТИК ПРОФЕННДЕР
4	свиблово	липлов	lip low	Свиблово
5	ставрополь	стронголд	stronghold	Ставрополь
4	аэропорт	артрофорте	arthro forte	аэропорт
4	печатники	хепатик	canin hepatic	Печатники
3	митино	мини	dog mini	митино
5	одинцово	фино	fieno alpiland rose	Одинцово
1	м.бибирево		oops!	м.Бибирево
7	железногорск	лайнпорк	speciality line pork	Железногорск
4	кузьминки	пуремини	pure mini	кузьминки
4	рыбинск	ссинс	science plan sterilised	Рыбинск
3	бульвар дмитрия донского	ультра	ultra plus	Бульвар Дмитрия донского
5	алтуфьево	альмо	almo nature	Алтуфьево
2	санкт-петербург	сан	api-san	санкт-петербург
5	гарибальди	махибаби	maxi baby	Гарибальди
6	щелковская	йеллов	yellow	щелковская
3	воронеж	кооне	coone	Воронеж
4	грызуна	граин	adult grain free	грызуна
2	древе	фрее	free adult cat	Наполнитель древе
2	морск	моусс	nutrition mousse	Морск
4	беговой	берклей	berkley kitten	шар беговой для грызунов
0	шампунь+		oops!	шампунь+ для собак
1	рио	био	bio spot	Рио
1	шею	шед	shed control shampoo	На шею
1	ин ап	мин	min	Ин ап
4	ножницы	дожмини	dog mini neuseeland	ножницы
3	бластер	хамстер	hamster nature	бластер nerf
5	подстилка	холистик	holistic blend	Подстилка
3	крыса	эрси	nrc	Крыса
3	химола	смолл	small breeds	химола
2	профен	протейн	canin protein	профен
2	вымени коров	крок	easy croc	крем для вымени коров
3	игрушка-кормушка	формула	formula	Игрушка-кормушка
4	ряпушка	йукка	yucca	ряпушка
3	пакеты	парти	party mix	пакеты
1	сфинкса	сфинкс	canin sphynx adult	корм для сфинкса
4	антипар	тир	orka tire	антипар для рыб
3	азинокс	сфинкс	canin sphynx	азинокс
2	мыло	малт	salmon malt	Мыло
4	эмидонол	догол	dog all	эмидонол
3	грызун	греен	fieno alpiland green	шлейка для грызун
2	шампуни	шампу	shed control shampoo	шампуни для лошадей
4	чистотел	киттен	natural kitten	чистотел
3	чашка подставкой	аква	ever clean aqua	чашка с подставкой
3	цистон	киттен	kitten	цистон
3	хороша	форешт	feinsten forest	хороша
3	фортекор	форте	forte	фортекор
1	формина	фармина	farmina	формина
2	фонтан	монтана	supreme montana	фонтан
4	выгонки	монти	monty	фитомины для выгонки шерсти
6	фармоксидин	фармина	farmina	фармоксидин
3	уролекс	оромикс	fiory oro mix	уролекс
2	унисан	аписан	api-san	унисан
3	улиток	элите	elite professional	улиток
4	трициллин	даилилин	daily line extra	трициллин
3	триммер когтей	киттен	kitten	триммер для когтей
5	травметин	азлетик	large adult athletic	травметин
4	точилка	тоскана	supreme toscana	точилка для кошек
4	термометр	терриер	terrier junior	термометр для аквариума
9	таблеткодаватель	тетравафер	tetrawafer mini	таблеткодаватель
4	стрептомицин	рептомин	reptomin	стрептомицин
5	стомарджил	стадж	senior consult stage	стомарджил
7	согревающий	струвит	cat vet struvit	согревающий
3	сифон	салмон	salmon malt bits	сифон
8	силикогелевый	синглес	acana singles	силикогелевый №1
2	силео	соло	dog monoproteico solo	силео
2	сворка	орка	petstages orka tube	сворка
4	сверчок	крок	croc medium	сверчок
2	санал	сан	api-san	санал
2	ротор	колор	color	ротор
4	риботан	киттен	natural kitten	риботан
4	растение	респонсе	canin fibre response	растение
2	проьио	пролиф	prolife	проьио
4	запорах	падован	padovan grandmix scoiattoli	при запорах
4	почечная недостаточность	перна	perna	почечная недостаточность кошки
10	послеоперационная	профессионал	reptil professional	послеоперационная попона
4	напиток	натур	cavia nature	питательный напиток для укрепления иммунитета viyo
3	петкам	тетра	tetra reptomin	петкам
1	йорка	орка	orka tennis ball	ошейник для йорка
5	отоферонол	профешнал	reptil professional herbivor	отоферонол
6	отоспектрин	монопротеин	monge monoprotein	отоспектрин
3	отидез	ориджен	orijen adult	отидез
2	орицин	орийен	orijen cat	орицин
2	оленьи рога	орка	petstages orka tube	оленьи рога
7	обогреватель	рептиль	sera reptil professional	обогреватель
4	носочки	голоси	golosi energy all	носочки
8	селикагкелевый	сепиашале	sepia schale	наполнитель селикагкелевый №1
2	цена	шеба	sheba naturalle	наполнитель кошачий цена
4	молоксидил	голосибигл	golosi bigl	молоксидил
6	силиконовые	салмоне	salmone	миски силиконовые
6	мильпразон	мерадог	meradog pure junior	мильпразон
2	метро перово	тетра	tetra tetrawafer mix	метро перово
2	метро	тетра	tetra tetrawafer mix	метро новогиреево
2	воробьевы горы	фор	senior for dog	метро воробьевы горы
4	метастоп	тасти	tasty	метастоп
2	мерный стакан	стаин	stain	мерный стакан
3	максидин	макси	canin maxi adult	максидин
5	лошадиная	оригинал	baby original	лошадиная
1	лепто	репто	repto delica	лепто
4	лекадерм	лагадегу	versele laga degu	лекадерм
4	костная	тоскана	supreme toscana	костная мука
2	кори	фор	senior for dog	кори для кошек проплан
6	комбинезоны	комплетол	golosi complet all	комбинезоны
5	комбенизон	амейзон	amazone parrots loro	комбенизон для собак
4	кламоксил	классик	classic medium blue	кламоксил
3	катозал	натурал	natural young cat	катозал
4	имаверол	мачер	dog chow mature	имаверол
5	зубочистки	холистик	holistic blend	зубочистки
3	зубастик	оркастик	orka stick	зубастик
2	золотой	тоолтой	tool toy	золотой кот
3	золетил	азлетик	athletic	золетил
2	двери	эвер	ever clean aqua	двери для животных
3	дафния	карни	carny adult	дафния
5	гепасейф	элсей	elsey	гепасейф
4	двойного	тойдог	toy dog	гель двойного действия
4	галастоп	гастро	canin gastro	галастоп для собак
3	ветмидин	вет дит	vet diet	ветмидин
3	вангард	стандард	puller standard	вангард
3	бульдог	адултдог	adult dog turkey	бульдог
4	ацилок	адульт	line duck adult	ацилок
3	ауризон	актион	dual action hard	ауризон
6	антигрызин	актион	pet dual action	антигрызин
4	амитразин	тетрамин	tetramin junior	амитразин
4	аллермил	атлетик	large adult athletic	аллермил
4	аквагрунт	аквабрез	aqua breeze scent	аквагрунт
7	автокормушка	формула	formula	автокормушка
5	энтерозоо	энтерококкус	lactobacillus acidophilus enterococcus	Энтерозоо
3	эпиотик	эзотики	padovan naturalmix esotici	ЭПИОТИК
6	прогулочный	про план	pro plan kitten	Шар прогулочный
4	чисалки	миракл	miracle pet pet	Чисалки шерсть
1	чапи	апи	api-san	Чапи
4	цитодерм	литтер	senior litter	Цитодерм
6	целеспорин	метейболик	metabolic	Целеспорин
1	холостик биленд	холистик	prolife holistic senior	Холостик биленд для собак
3	фонарь	фор	wild prairie for	Фонарь
4	феромоны	фармина	farmina	Феромоны
2	френдс	бреедс	breeds	Феливей Френдс
5	украшения	катнип	beaphar catnip	Украшения
2	тумба	тубе	petstages orka tube	Тумба
2	тетравит	тетрамин	tetra tetramin granules	Тетравит
6	термоковрик	кокорит	padovan naturalmix cocorite	Термоковрик
4	терариумы	терриер	terrier junior	Терариумы
4	субстрат	ултра	canin ultra light	Субстрат
1	стоп-интим	степ	step crystals	Стоп-интим
5	стаканчик	канин	royal canin urinary	Стаканчик
4	кишечника ,100гр	флур	hard floor	Средства по уходу Beaphar Паста для выведения шерсти из кишечника кошек Malt Paste,100гр
5	сексбарьер	стартер	dog baby starter	Сексбарьер
3	росинка	осин	ocean	Росинка
1	рекавери	рековери	recovery	Рекавери
5	пчелодар	план	plan pro plan	Пчелодар
3	пуревакс	пуреламм	pure lamm	Пуревакс
4	прохвост	робуст	large adult robust	Прохвост
3	прококс	оромикс	fiory oro mix	Прококс
5	приучить	премиум	premium amazone	Приучить к лотку
4	особый	соус	sauce with	Празител особый
5	полотенце	кооне	maine coone kitten	Полотенце
3	полисорб	плисюр	sheba pleasure	Полисорб
2	пимопет	пимонт	dog mini piemonte	Пимопет
7	пр0047459	проплан	pro plan optistart	ПР0047459
5	очиститель	оптималь	optimal care tuna	Очиститель для аквариума
3	органикс	оро микс	oro mix	Органикс
4	окуметил	оатмеал	oatmeal	Окуметил
5	окситоцин	киттен	cat minkas kitten	Окситоцин
3	нарвак	аква	ever clean aqua	Нарвак
3	сдачи анализа	смалл	vit small breed	Наполнитель для сдачи анализа
3	мучной червь	перле	perle	Мучной червь
1	мультифел-4		oops!	Мультифел-4
6	мотыльница	мульти	multi vit	Мотыльница
2	кота	кат	savarra light cat	Миски для кота
5	таймером	шампоо	gentle hypoallergenic shampoo	Миска с таймером
5	милпразан	миракл	miracle jast for	Милпразан
2	мельбемакс	милбемакс	milbemax	Мельбемакс
2	ямб	ламб	holistic adult lamb	Мазь ямб
4	магазины	амазоне	amazone parrots loro	Магазины
2	лакто	лайт	nature classic light	Лакто стоп
4	кусачки	классик	classic medium blue	Кусачки
5	купальня	план	plan pro plan	Купальня для птиц
5	краснаухая	канада	dog mini canada	Краснаухая черепаха
4	котовник	кооне	coone	Котовник
4	уличная	пурина	purina pro plan vet diets	Кормушка уличная
0	лет,		oops!	Корм сухой Royal Canin "Mini Adult", для собак мелких размеров с 10 месяцев до 8 лет, 8 кг
0	аллергией,		oops!	Корм сухой Happy Dog "Hypersensitivity" для собак с пищевой аллергией, 12,5 кг
0	кошек,		oops!	Корм сухой Happy Cat "Struvit" для кошек, 4 кг
0	нормальной активностью, говядина,		oops!	Корм сухой Happy Cat "Adult Indoor" для кошек с нормальной активностью, альпийская говядина, 1,4 кг
2	дочь	дог	prairie for dog	Корм дочь хорька
1	ежей	джей	jfc	Корм для ежей
3	голубей	холидей	tetra goldfish holiday	Корм для голубей
3	хомяка	орка	petstages orka tire	Клетки для хомяка
4	грузынов	бруно	mr.bruno	Клетки для грузынов
4	грузенов	греен	fieno alpiland green	Клетки для грузенов
1	карта	карте	carte	Карта
3	карелла	кареламб	care lamb	Карелла
3	глазные	гранде	sanabelle grande	Капли глазные барс
4	каниквантер	канинстартер	royal canin starter	Каниквантер
3	флорализином вымени	мини	dog mini	КРЕМ ЗОРЬКА С ФЛОРАЛИЗИНОМ ДЛЯ ВЫМЕНИ
3	ипактине	активе	duo active	Ипактине
4	ипакитини	бабимини	golosi baby mini	Ипакитини
6	интродьюсер	тетровейфер	tetrawafer mini mix	Интродьюсер
5	интерспектин	интенсбьюти	intense beauty	Интерспектин
3	зоонорм	зоом	zoom	Зоонорм
4	зоокард	зоом	zoom deluxe	Зоокард
2	жилет	хилт	protection urinary health	Жилет
5	жердочка	хаддок	haddock	Жердочка
4	доставка	тоскана	supreme toscana	Доставка
4	дождевик	диабетик	royal canin diabetic	Дождевик
4	сиамских	синси	cincy	Для сиамских кошек сухой корм
4	диназаве	диаз	beaphar new diaz	Диназаве
0	"чикаго"		oops!	Диван "Чикаго"
3	джимпет	диет	prescription diet	Джимпет
5	детевенские	дефенке	daily defence lamb	Детевенские
3	гулена	греен	fieno alpiland green	Гулена
3	грелка	греен	fieno alpiland green	Грелка
7	гексаканивак	еукануба	eukanuba puppy	Гексаканивак
3	брелок	блак	giant medium black	Брелок
2	бра-вектор	сера	sera red parrot	Бра-вектор
2	бондаж	мондж	monge daily	Бондаж
5	суспензии	супер	super	Антигельминтозные суспензии
4	амикоцин	амазон	premium amazone	Амикоцин
2	амиа	мит	adult meat	Амиа гель
3	альбен	альмо	almo nature	Альбен
5	акаромектин	протектион	protection urinary health	Акаромектин
5	адрессник	азлетик	large adult athletic	Адрессник
3	адаптил	рептил	sera reptil	Адаптил
10	недостаточностью	сенсатионс	felix sensations	royal canin паучи для кошек с почечной недостаточностью
3	бебекет	бабикат	canin babycat instinctive	royal canin бебекет для кошек
1	дом	дог	nerf dog	Trixie Miguel дом для кошки
0	"тройная защита"		oops!	Fresh Step Впитывающий наполнитель "Тройная защита"
0	85гр грудки(пауч)(внмд)		oops!	BEST DINNER 85гр Корм кон для кошек HighPremium Курица в белом соусе волокна филе грудки(пауч)(ВНМД)
0	стерилизованным кошкам,		oops!	Animonda "Vom Feinsten" стерилизованным кошкам, с индейкой и лососем
6	карамышевская набережная	натуре	laga cuni nature	карамышевская набережная
7	долгопрудный	догпремиум	dog premium flockenvollkost	долгопрудный
2	головинское шоссе	моуссе	starter mousse	головинское шоссе
3	бутово	бровн	vario brown	Бутово
3	нагатинский бульвар	ультра	ultra light	нагатинский бульвар
5	молодцова	малови	tetra malawi flakes	молодцова
2	юго-западная	дог	prairie for dog	метро Юго-западная
4	снежная	ренал	cat vet renal	снежная
2	свию	вит	multi vit small	свию
6	панфиловцев	канин вет	royal canin vet	панфиловцев
4	маршала рыбалко	акана	acana heritage puppy	маршала рыбалко 9
4	краснодар	канада	dog mini canada	краснодар
7	алексеевская	флексивейрио	flexi vario brown	алексеевская
3	миклухо-маклая	аква	ever clean aqua	Миклухо-маклая
6	семеновская	смоллкат	small cat	Метро семеновская
5	краногорск	карнивор	reptil professional carnivor	Краногорск
3	королев	кооне	coone	королев
5	зеленоград	планорал	plan oral care	Зеленоград
8	новопеределкино	монопротеин	monoprotein	новопеределкино москва
6	стрелецкий	супреме фит	cat supreme fit	Стрелецкий
2	новотушинский проезд к1	кат	cat chow hairball	Новотушинский проезд 8 к1
3	парковая	падован	padovan grandmix coniglietti	15 парковая
3	сергиев посад	план	plan pro	сергиев посад
3	сергиев посад	план	plan pro	Сергиев Посад
2	марьина роща	орка	petstages orka tube	Марьина Роща
5	щукинская	еукануба	eukanuba adult medium	щукинская
6	сходненская	ориджен кат	orijen cat	сходненская
3	северное тушино	фино	fiory fieno	северное тушино
4	проспект вернадского	протеин	indigestible protein	проспект Вернадского
4	покровка	крок	croc medium	покровка 16
3	отрадный проезд	бреед	chow small breed	отрадный проезд
3	отрадное	оранге	catzone orange	метро отрадное
6	шокальского	микскоко	oro mix coco	Шокальского
2	химки	хилти	healthy start	Химки
5	тушинская	канинскин	canin skin	Тушинская
3	томск	вом	vom feinsten classic	Томск
5	соликамск	холистик	holistic blend	Соликамск
3	селятино	селектион	tetra selection	Селятино
2	пятницкое шоссе	моуссе	starter mousse	Пятницкое шоссе
3	мытищи	мини	dog mini	Мытищи
5	лыткарино	канин	royal canin urinary	Лыткарино
10	железнодорожный	кареэндуранке	care endurance	Железнодорожный
4	бибирево	фибре	canin fibre response	Бибирево
4	биберево	фибре	canin fibre response	Биберево
5	апрелевка	африка	dog supreme africa	Апрелевка
3	агвали	аква	ever clean aqua	Агвали
4	коньковр	колор	tetra tetrapro color	коньковр
8	зеленодольская	фреадульткат	free adult cat	зеленодольская 40
4	ангарск	лагарат	versele laga rat	ангарск
5	сухонькая	смоллкат	small cat	Сухонькая
4	ярославская область	лайт	feinsten light lunch	Рыбинск Ярославская область
2	псковская область, локня	лонг	long	Псковская область, Локня
2	пенягинская улица	ултра	royal canin ultra	Пенягинская улица дом 26
2	омск	опс	oops	Омск
2	локня	лонг	long hair	Локня
7	комсомольская	оптималькар	optimal care tuna	Комсомольская
7	академическая	кат минкас	cat minkas sterilised	Большая Академическая 5
4	балаково	белкандо	belcando	Балаково
4	аэрлплрь	алль	eukanuba puppy all	Аэрлплрь
2	лобня	лонг	long hair	Лобня
3	перово	про	plan pro	перово
1	м. каширская		oops!	м. каширская
4	каширская	карекат	care cat missy	каширская
4	ясенево	нев	new	ясенево
5	шаболовка	малови	tetra malawi flakes	шаболовка
4	преображенская площадь	план	plan nutrisavour adult	преображенская площадь
5	обручева	блуе	flexi vario blue	обручева
3	нижний новгород	мини	dog mini	нижний новгород
8	домодедовская	зоомделюкс	pet zoom deluxe	метро домодедовская
10	краснопресненская	кастрейтед катс	for castrated cats	метро Краснопресненская
5	луганская	еукануба	eukanuba adult medium	луганская
10	краснобогатырская	траинернатурал	trainer natural adult	краснобогатырская 11
5	дзержинск	дреамиес	dreamies	дзержинск
3	вднх	дог	dog usd	вднх
7	братиславская	бриткарекат	brit care cat	братиславская
5	азовская	падован	padovan	азовская 19
4	поселок колюбакино	соло	monoproteico solo	Поселок Колюбакино
0	курская область г.		oops!	Курская область г. Железногорск
1	16-я		oops!	16-я парковая
0	1-я новокузьминская,		oops!	1-я Новокузьминская, 10
1	ул ульянина	ол	adult all breed	ул Ульянина
5	гольяново	голоси	golosi bigl	москва гольяново
2	город	лоро	loro	город Москва
3	южное	кнот	dental knot color	бутово южное
8	рассказовская	грассландсфор	regionals grasslands for	Рассказовская
3	летчика ульянина	делика	repto delica	Летчика Ульянина 5
5	бифитрилак	бифарбифар	beaphar beaphar	Бифитрилак
1	тула	тул	hair tool toy	тула
1	ул.октябрьская	ол	adult all breed	Ул.октябрьская
2	марьина рощп	роял	royal canin sphynx	марьина рощп
2	спреи	супрем	supreme irland	спреи
2	весы	лесс	less	весы
3	собаку	снак	laga crispy snack	Собаку
1	пюре	пуре	meradog pure junior	Пюре для котов
0	код: (соус)	соус	sauce	Код: 48602 Royal Canin Kitten (соус) для котят с 4 до 12 месяцев комплект 4 1 (85 г)
4	волнистые	холистик	holistic puppy sensitive	Волнистые попугаи
4	аллергия	атлетик	large adult athletic	Аллергия
0	курицей,		oops!	Корм Monge Daily Line Maxi Puppy+ &+ Junior для щенков крупных пород с курицей, 3 кг
2	фли	пи ви пи	pvp	спрей фли
1	диеты	диет	vet diet renal	Диеты
2	8кш	фиш	fish all breeds	сухой корм для кошек 8кш
2	деликатес	делисате	plan delicate	Мясной деликатес
3	жилища	делика	repto delica	Жилища для грызунов
1	лабрадора	лабрадор	labrador	royal canin для щенков лабрадора
2	ежа	шеба	sheba naturalle	Корм для ежа
3	глисты	элите	elite professional	глисты
1	бак	блак	black	бак для корма
1	лай	хай	high	Анти лай
0	мес. беременных/лактирующих кошек. подарок!		oops!	Royal Canin Для котят от 1 до 4 мес. и для беременных/лактирующих кошек.  400 гр в подарок!
1	бк	вк	wc closet	ям бк
3	экзекан	клеан	ever clean multi	экзекан
1	уро	про	plan pro plan	уро
2	ось	ол	all breeds beef	ось
1	мох	мих	tri mix	мох
1	лив	лов	low fat	лив 52
1	ин ап	мин	min	ин ап
1	аф	эф	tfd	аф
1	вы	пи ви пи	pvp	а вы
1	эпи	апи	api-san	Эпи
0	эн	эн эр си	nrc	Эн
1	фон	фор	grasslands for	Фон
1	се	с	dr. elsey’s	Се
3	резинки	кинки	cincy	Резинки
2	пэд	пур	pure lamm	Пэд
2	нло	про	purina pro plan	Нло
1	мур	пур	pure junior	Мур
1	ц		oops!	Для ц
1	ака	аква	aqua breeze scent	Ака
1	асп	сап	sap	АСП
1	2ф	эф	tfd	АСД 2ф
2	пауча	патч	patch	royal canin 12 пауча
4	терьеров	тетрапро	tetrapro	для терьеров
2	мыши	мини	mini mix	Мыши
3	сомики	микс	tetrawafer mini mix	сомики
4	зубочист	брист	breast	зубочист
0	лососевым соусом,		oops!	СУХОЙ КОРМ ДЛЯ КОТЯТ BRIT PREMIUM «KITTEN» С КУРИЦЕЙ В ЛОСОСЕВЫМ СОУСОМ, 8 КГ
4	луговой	лоро	amazone parrots loro	Луговой
3	остров	стронг	extra strong	остров
4	двантикс	грандмикс	grandmix cavie	двантикс
0	празител.		oops!	Празител.
2	диабет	диабетес	diabetes management	Royal canin диабет
3	профенд	протеин	royal canin protein	профенд
2	под миску	фор	senior for dog	подставка под миску
2	плед	план	science plan oral	плед
4	пастбищн	стаин	hard floor stain	пастбищн
3	крысы	эрси	nrc	крысы
2	кальмарами(70	ди	tfd	консервы almo nature legend 75 мяса для кошек с тунцом и кальмарами(70 г)
1	килти	хилти	kitten healthy	килти
3	хорьки	турки	plan light turkey	ХОРЬКИ
5	подставке	петстагес	petstages dogwood	Миска на подставке
1	йорк	порк	pork	Корм йорк
3	фитэкс	микс	tetrawafer mini mix	фитэкс
2	говя	чов	chow urinary tract	ухо говя
4	угловой	лоро	amazone parrots loro	угловой
3	мощный	мондж	monge monoprotein dog	мощный
0	мальт-паста	мальт	beaphar duo malt	мальт-паста
3	колесов	колор	color	колесов
1	боль	болл	tennis ball	боль
2	тонн	мон	gourmet mon	Тонн
0	м. собак,		oops!	Рулетка Flexi New Classic Extra Small Red 3 м. для собак, кошек и других мелких животных до 12 кг
2	плот	план	science plan oral	Плот
8	кострированых	кастратед	feinsten for castrated	royal конин для кострированых котов сухой корм
5	черепашки	лоропарк	loro parque	черепашки
2	сумка-переноска	йукка	yucca schidigera	сумка-переноска
4	погрызов	дог чов	dog chow sensitive	от погрызов
7	неразлучники	сера гуппи	sera guppy	неразлучники
1	масти	тасти	belcando tasty	масти
1	стер	степ	step crystals	корм для собак royal для стер
2	клубок	клуб	club	клубок
1	гриб	грин	green	гриб
3	ветелакт	ветлайф	vet life neutered	ветелакт
4	башмачок	амазон	premium amazone	башмачок
1	экс-7,5	икс	xxl	ЭКС-7,5
3	петухов	петфор	miracle pet for	Рыбка петухов
0	м. собак,		oops!	Рулетка Flexi New Classic Extra Small Black 3 м. для собак, кошек и других мелких животных до 12 кг
2	курицей(85	ди	tfd	Паучи Royal Canin Renal для кошек при ХПН с курицей(85 г)
2	говядиной(85	ди	tfd	Паучи Royal Canin Renal для кошек при ХПН с говядиной(85 г)
0	(в желе)		oops!	Паучи Royal Canin Intense Beauty (в желе) для взрослых кошек, поддержание красоты шерсти
0	(в соусе) лет(85		oops!	Паучи Royal Canin Instinctive  7 (в соусе) для взрослых кошек старше 7 лет(85 г)
0	собак.		oops!	Лакомство Titbit для собак. Легкое говяжье XL
1	крем-суп	соуп	animonda rafin soup	Крем-суп для кошек "Edel Cat", с лососем
4	крупнпн	канин	canin pug	Корм Happy Dog Baby Lamb & Rice для щенков крупнпн
5	контейнеры	трейнер	trainer natural adult	Контейнеры
5	лестницей	ресипе	recipe grain free	Когтеточка Лежанка с лестницей (115 см)
0	блох+		oops!	Капли против блох+ для собак
1	асд-2	юсд	small dog usd	Асд-2
4	юнитабс	минкас	cat minkas kitten	юнитабс
8	электроошейник	тетреймин	tetramin pro	электроошейник
5	электролит	эверклин	ever clean multi	электролит
5	экокиллер	кинкилла	laga chinchilla nature	экокиллер
0	эвиталия-вет	вет	weight management wet	эвиталия-вет
4	эвинтон	фино	fieno alpiland green	эвинтон
7	расчесывания	ресовери	recovery	щетка для расчесывания
3	шнурок	крок	bigl croc maxi	шнурок
2	шнур адрессника	флур	action hard floor	шнур для адрессника
2	шнур адресника	флур	action hard floor	шнур для адресника
6	медицинская	кейнинскин	canin skin young	шлейка медицинская
2	шланг	план	science plan oral	шланг
1	шизир	шезир	schesir	шизир
3	шашка	аква	ever clean aqua	шашка
2	шапки	апи	api-san	шапки
9	противомикробный	протектион	protection intestinal	шампунь противомикробный
2	чистящая пудра	пур	pure lamm	чистящая пудра
2	хвост	хос	xos	чистый хвост
4	чиктоник	чикен	chicken and lamb	чиктоник
3	чесалки	хеалти	eukanuba kitten healthy	чесалки
5	цистофан	киттен	cat minkas kitten	цистофан
4	ципролет	пролиф	prolife	ципролет
3	циклоп	липлов	lip low indigestible	циклоп
5	цефриаксон	серасан	sera san	цефриаксон
3	цефален	фемале	skin young female	цефален 1000
5	рывковая	ройал	royal canin	цепь рывковая
4	хондартрон	кондитион	condition	хондартрон
3	хоменко	хоме	home	хоменко
6	хлоргексидин	лонгевити	active longevity	хлоргексидин
2	мусы	моусс	nutrition mousse	хилс мусы
4	хартмедин	хаир медиум	hair medium dog	хартмедин
3	хамелеон	амейзон	amazone	хамелеон
4	фумиклин	клин	clean fast acting	фумиклин
3	фугин	клин	ever clean fast	фугин
1	форти флора	форт	haar spezial forte	форти флора
2	форвед	форте	dog arthro forte	форвед
6	флексопрофен	флексидезигн	flexi design extra	флексопрофен
2	литров	липлов	lip low indigestible	фильтр для аквариума 80 литров
6	филтрующие	витпуппи	vit puppy	филтрующие материалы
9	физиологический	фиориэзотиси	fiory esotici	физиологический
3	фетбал	тетра	tetra reptomin	фетбал
2	феррум лек	лесс	less	феррум лек
4	ферпласт	бреаст	care chicken breast	ферпласт
4	фенивэй диффузор	фелине	feline kitten	фенивэй диффузор
6	фенбендазол	энерджиол	energy all	фенбендазол
3	фелидерм	фелине	feline	фелидерм
3	феливэй	феликс	felix sensations	феливэй
2	фелвит	фелих	felix party	фелвит
6	фармоскидин	канинскин	canin skin	фармоскидин
1	фарина	фармина	farmina	фарина
3	фаворит	кокорит	grandmix cocorite	фаворит
1	кали	кави	grandmix cavie	ушные кали
2	ушки	турки	delicate adult turkey	ушки
1	урси	эрси	nrc	урси
4	уроурси	прэйри	prairie for	уроурси
4	уротропин	протеин	indigestible protein	уротропин
5	урологический фотокомплект	комплет	mineral complete	урологический фотокомплект
6	урологический фитокомплекс	комплете	mineral complete	урологический фитокомплекс
4	уролесан	протеин	indigestible protein	уролесан
2	урна	орка	petstages orka tube	урна
6	уриноветдог	джиантдог	hair giant dog	уриноветдог
5	уринаветдог	гиантдог	hair giant dog	уринаветдог
4	уралесан	клеан	clean less	уралесан
4	упряжка	пурина	purina pro plan vet diets	упряжка
2	унсан	сан	api-san	унiсан
8	ультрафиолетовая	ультралигхт	ultra light	ультрафиолетовая лампа
3	указка	кавиа	cavia nature	указка
5	удалитель	квалити	belcando quality meat	удалитель клещей
3	удавка	аква	ever clean aqua	удавка
3	йоркширского терьера	тетра	tetra reptomin	туалеты для йоркширского терьера
7	гигиенические	бигпейрейкит	big parakeet	трусы для собак гигиенические
4	трококсил	крокмакси	bigl croc maxi	трококсил
3	тринорм	уринари	royal canin urinary	тринорм
3	горшке	орка	petstages orka tire	трава в горшке
4	тиопротектин	протектион	protection adult mini	тиопротектин
3	тилозин	голози	golosi indoor sterilizzati	тилозин 50
3	терамицин	тетрамин	tetra tetramin holiday	терамицин
3	таракан	карекат	care cat missy	таракан
4	тапочки	тасти	tasty	тапочки
2	тапки	турки	delicate adult turkey	тапки
2	табличка злая	план	science plan oral	табличка злая собака
2	хепписат	хаппиcат	happy cat	сухой корм для кошек хепписат
2	хеппикэт	хаппикат	happy cat sensitive	сухой корм для кошек хеппикэт
3	сучье	пуре	pure lamm	сухое сучье молоко
3	супчик	пуппи	large breed puppy	супчик
4	супрелорин	супрем фит	supreme fit	супрелорин
5	фиксация	канин	royal canin urinary	сумка для кошек фиксация
5	врачебная	профешнал	reptil professional herbivor	сумка врачебная
5	террариумов	тетрарубин	tetrarubin granules	субстрат для террариумов
1	стронхолд	стронгхолд	stronghold	стронхолд для кошек
1	стролгхолд	стронгхолд	stronghold	стролгхолд
3	купить москве	куни	cuni nature	страйд для кошек купить в москве
4	стомадекс	смакерс	smakers	стомадекс
3	спутник	сунни	sunny beautiful hair	спутник
5	антиколтун	актион	action hard floor	спрей антиколтун
2	солома	соло	dog monoproteico solo	солома
3	следки	флекси	flexi design	следки
2	скидки пенсионерам	кинки	fiory cincy	скидки пенсионерам
3	скидка любовью	скин	dog vet skin	скидка с любовью
3	сириус	бридс	breeds	сириус
5	сибирская	бриткар	brit care seabream	сибирская кошка наполнитель
1	сепи	сепиа	vitakraft sepia	сепи
7	сенегальское	сенсатион	bent fresh sensation	сенегальское просо
3	семитра	тетра	tetra reptomin	семитра
8	селикогелевый	деликейт	delicate junior	селикогелевый
2	секс-барьер	сера	sera red parrot	секс-барьер
3	севавит	струвит	dog vet struvit	севавит
4	свисток ультразвуковой	холистик	holistic puppy sensitive	свисток ультразвуковой
2	сверч	сера	sera red parrot	сверч
4	сапожки	сап	sap	сапожки для собак
2	санабель	санабелле	sanabelle grande	санабель
3	салфетк	сатиети	satiety weight management	салфетк
5	ленточная	дентал	pro plan dental	рулетка ленточная
0	роял канин. сетаети вейт менеджмент	роял канин	royal canin gastro	роял канин.  сухой корм для кошек сетаети вейт менеджмент
2	ролик одежды	ролф	rolf club 3d	ролик для одежды
2	рога	орка	petstages orka tube	рога оленя
3	рингера	диннер	dinner high	рингера
3	римадин	рафин	rafin	римадин
4	ресвератол	респиратори	respiratory relief	ресвератол
3	рептилтии	рептил	sera reptil	рептилтии
3	рексвитал	рекутита	recutita	рексвитал
3	реактор	репто	repto	реактор
5	ракушечник	акшен	action	ракушечник
3	пуривакс	пурина	purina pro	пуривакс
1	пулер	пуллер	puller mini	пулер
4	прутикол	пуппи ол	puppy all breed	прутикол
