alias;brand;value
нейрис;naris;True
нарис;naris;True
виш;wish;True
сунгбо;sungbo;True
эверибоди;everybody;True
секрет скин;secret skin;True
миджин;mijin;True
мийин;mijin;True
корингко;coringco;True
элиша;elisha;True
шейра;shara;True
шара;shara;True
оф хуо;of whoo;True
оф вхоо;of whoo;True
клими;cleamy;True
клеами;cleamy;True
кумано;kumano;True
коз джейпан;kose japan;True
косе йапан;kose japan;True
эн ссен;en scene;True
эн скене;en scene;True
ссиник;scinic;True
скиник;scinic;True
зе хистори;the history;True
те хистори;the history;True
виш формула;wish formula;True
зе хистори оф;the history of;True
те хистори оф;the history of;True
эстетик хаус;esthetic house;True
эстетик хоусе;esthetic house;True
хистори;history;True
зе орчид скин;the orchid skin;True
те орчид скин;the orchid skin;True
синабро;sinabro;True
проуд;proud;True
оттие;ottie;True
косфарм;cospharm;True
зе орчид;the orchid;True
те орчид;the orchid;True
еон;yeon;True
йеон;yeon;True
вераклара;veraclara;True
кори;korie;True
корие;korie;True
эстетик;esthetic;True
хистори оф хуо;history of whoo;True
хистори оф вхоо;history of whoo;True
майз эн ссен;mise en scene;True
мисе эн скене;mise en scene;True
орчид скин;orchid skin;True
июб;iyoub;True
хуо;whoo;True
вхоо;whoo;True
майз эн;mise en;True
мисе эн;mise en;True
гуардиан;guardian;True
саем;saem;True
хистори оф;history of;True
начур републик;nature republic
натуре републиc;nature republic
соап;soap
фудейхолик;foodaholic
фодахолиc;foodaholic
фоодахолиц;foodaholic
фудахолик;foodaholic
виннер;winner
рамосу;ramosu
рамозу;ramosu
сцен;scene
скене;scene
ссен;scene
ла мисо;la miso
ля мисо;la miso
хэйр;hair
хаир;hair
хейр;hair
диме;dime
дим;dime
дайме;dime
зе хистори оф хуо;the history of whoo
те хистори оф вхо;the history of whoo
свисспур;swisspure
свисспуре;swisspure
миелле;mielle
греймелин;graymelin
граимелин;graymelin
эчоиcе;echoice
эчоайс;echoice
ехоес;echoice
ехоесе;echoice
ечоице;echoice
хакуичи;hakuichi
хейкуичи;hakuichi
камелиа;camellia
камеллиа;camellia
кж лен;cj lion
cж лион;cj lion
cй лион;cj lion
сиджей лайон;cj lion
сиджей лион;cj lion
ги мео;gi meo
бьюти;beauty
беаути;beauty
боти;beauty
беоути;beauty
ит с скин;it s skin
ит эс скин;it s skin
банила;banila
льон;lion
лион;lion
лайон;lion
фармстей;farmstay
фармстай;farmstay
кооп;coop
куп;coop
коп;coop
биомакс;biomax
биомах;biomax
биомаx;biomax
унион;union
юнион;union
катани;katani
лунейрис;lunaris
лунарис;lunaris
беауа;beaua
боа;beaua
атопалм;atopalm
фут;foot
фоот;foot
педизон;pedison
педисон;pedison
езиху;yezihu
йезиху;yezihu
йкжуху;yezihu
ыезиху;yezihu
мстар;mstar
мштар;mstar
лет м скин;let me skin
лет ме скин;let me skin
wхите;white
вайт;white
врайт;white
вхите;white
вайнс;white
уайт;white
лен кодомо;lion kodomo
лион кодомо;lion kodomo
аисен;aisen
аизен;aisen
б соап;b soap
рохто;rohto
экотулс;ecotools
эcотолс;ecotools
унион хаир;union hair
юнен хэйр;union hair
холика холика;holika holika
апиеу;a'pieu
апьеу;a'pieu
апью;a'pieu
коелф;koelf
те йеон;the yeon
зе еон;the yeon
джейпан;japan
жапан;japan
джапан;japan
япан;japan
йапан;japan
проуд мейри;proud mary
проуд мари;proud mary
этуд оргейникс;etude organix
этуде органих;etude organix
линдсей;lindsay
линдсэй;lindsay
линдси;lindsay
со-мен;so-men
лейдор;lador
ладор;lador
машимаро;mashimaro
машимейро;mashimaro
анскин;anskin
эпо;epoux
эпоух;epoux
пуребесс;purebess
зе фейс;the face
тхе фаце;the face
лукиcосметиcс;luckycosmetics
люцкайкосметикс;luckycosmetics
ми скин;me skin
ме скин;me skin
эстелейр;estelare
эстеларе;estelare
кокостар;kocostar
коcостар;kocostar
авеcмои;avecmoi
авекмои;avecmoi
фром натуре;from nature
фром начур;from nature
роял скин;royal skin
ройал скин;royal skin
ханил;hanil
хейнил;hanil
ханиль;hanil
райо;ryoe
риое;ryoe
йуно;juno
джуно;juno
жуно;juno
моремо;moremo
моримо;moremo
фасси;fascy
фаски;fascy
фасци;fascy
пуорелла;puorella
паорелла;puorella
сеcрет;secret
сикрет;secret
секре;secret
секрет;secret
сецрет;secret
клиник;clinic
цлиниц;clinic
де маан;de man
де ман;de man
де мауни;de man
де моне;de man
дэ муан;de man
фринвита;frienvita
фриенвита;frienvita
бавифат;baviphat
бейвифат;baviphat
аюме;ayoume
ейоум;ayoume
хаус;house
хоусе;house
хауз;house
хоуз;house
евнюл;eunyul
еунул;eunyul
еуниул;eunyul
еунюл;eunyul
лейнеидж;laneige
ланеиге;laneige
соул;soyul
соыул;soyul
дев;deve
деве;deve
аловиви;alovivi
скини;skineye
скинеие;skineye
скинеые;skineye
скиние;skineye
вайт косфарм;white cospharm
вхите cосфарм;white cospharm
ченг джи;cheng jie
ченг йие;cheng jie
деопрос;deoproce
деопроcе;deoproce
селл;cell
целл;cell
ньюйорк;newyork
нюйорк;newyork
невген;newgen
ньюджен;newgen
репаблик;republic
республика;republic
беаугрен;beauugreen
боугреен;beauugreen
беаугрин;beauugreen
беауугрин;beauugreen
бьюгрин;beauugreen
беауугреен;beauugreen
медихил;mediheal
медихеал;mediheal
сикрет дей;secret day
секрет дей;secret day
сеcрет дай;secret day
нейрис косметикс;naris cosmetics
нарис cосметиcс;naris cosmetics
мэй кооп;may coop
те саем;the saem
зе саем;the saem
келлнко;cellnco
cеллнcо;cellnco
зе скин хаус;the skin house
те скин хоусе;the skin house
лимони;limoni
токико;tokiko
ит’с скин;it’s skin
кумейно косметикс;kumano cosmetics
кумано cосметиcс;kumano cosmetics
фром;from
формула;formula
джунлове;junlove
жанлав;junlove
др йарт;dr.jart+
др джарт;dr.jart+
лиоеле;lioele
холика;holika
ломбок;lombok
айнлип;eyenlip
иенлип;eyenlip
еиенлип;eyenlip
сунгбо клими;sungbo cleamy
сунгбо cлеами;sungbo cleamy
ла соиул;la soyul
тиам;tiam
даенг ги мео;daeng gi meo
даенг джи мео;daeng gi meo
козе;kose
косе;kose
коз;kose
фарм;farm
ядах;yadah
фейс шоп;face shop
фасе шоп;face shop
лабай;labay
лабей;labay
лабаы;labay
ремекве;remeque
ремек;remeque
селл бурнер;cell burner
селл бернер;cell burner
cелл бурнер;cell burner
баекоксен;baekoksen
лабиотте;labiotte
флор де;flor de
флор ди;flor de
синтре;seantree
сеантре;seantree
реарар;rearar
мео ри;meo ri
ме ри;meo ri
фейс;face
фэйс;face
фаcе;face
фасе;face
фаче;face
натуре;nature
натюр;nature
натюре;nature
натур;nature
начур;nature
начер;nature
скинфуд;skinfood
скинфод;skinfood
милатте;milatte
лукигифт;luckygift
люцкиджифт;luckygift
элизавецца;elizavecca
элизавеccа;elizavecca
элизавекка;elizavecca
скин гуардиан;skin guardian
фезер;feather
феатер;feather
феазер;feather
феатхер;feather
ченг;cheng
эттанг;ettang
каолион;caolion
айпкн;ipkn
ипкн;ipkn
эс скин;s skin
с скин;s skin
фрудиа;frudia
фрюдиа;frudia
скин;skin
косметикс;cosmetics
цосметицс;cosmetics
иопе;iope
иоп;iope
граcе фот;grace foot
грейс фут;grace foot
блюмеи;blumei
блумеи;blumei
даенг;daeng
кодомо;kodomo
меишоку;meishoku
мишоку;meishoku
йур;yu.r
юр;yu.r
сю шов;sue show
суе шов;sue show
велcос;welcos
велкос;welcos
уелкос;welcos
дбеауcер;d'beaucer
дбокер;d'beaucer
шейри;shary
шари;shary
лет ме;let me
скин хаус;skin house
скин хоусе;skin house
мисша;missha
миша;missha
бурнер;burner
иннисфре;innisfree
молай;moly
эмоуэльвай;moly
моли;moly
карадиум;karadium
кейрейдиум;karadium
банила cо;banila co
банила ко;banila co
3в клиник;3w clinic
3в cлиниc;3w clinic
орчид;orchid
аспейзиа;aspasia
аспасиа;aspasia
виннер дс;winner ds
близ;blithe
блите;blithe
блитхе;blithe
проранс;prorance
проранcе;prorance
миз;mise
миджин косметикс;mijin cosmetics
мийин cосметиcс;mijin cosmetics
олив;olive
оливе;olive
олайв;olive
шелим;shelim
ванедо;vanedo
вейнедо;vanedo
колликос;callicos
cаллиcос;callicos
калликос;callicos
каллицос;callicos
цаллицос;callicos
лулулун;lululun
скин79;skin79
пелиcан;pelican
пеликан;pelican
ит эс;it s
ит с;it s
петитфе;petitfee
петитфее;petitfee
петифи;petitfee
шара шара;shara shara
шейра шейра;shara shara
донгбанг;dongbang
косе йапан;kose (japan)
коз джейпан;kose (japan)
этуде;etude
этуд;etude
буеар;buear
зе фейс шоп;the face shop
те фаcе шоп;the face shop
зе фэйс шоп;the face shop
луке;luke
люк;luke
лук;luke
ямано;yamano
даенг ги мео ри;daeng gi meo ri
даенг джи мео ри;daeng gi meo ri
рубелли;rubelli
даенг ги;daeng gi
ги мео ри;gi meo ri
джи мео ри;gi meo ri
зензиа;zenzia
флор;flor
мизон;mizon
редтера;redtera
виллаге 11 фаcтори;village 11 factory
вилладж 11 фактори;village 11 factory
мисо;miso
конад;konad
медибеау;medibeau
медибо;medibeau
креате;create
крит;create
cосрх;cosrx
косркс;cosrx
косрикс;cosrx
цосрx;cosrx
йиготт;jigott
джиготт;jigott
жиго;jigott
хелло беаути;hello beauty
роуал;royal
роыал;royal
роял;royal
рояль;royal
ройяль;royal
ройял;royal
ройал;royal
роиал;royal
риченна;richenna
рире;rire
раир;rire
флор де ман;flor de man
лсаник;l'sanic
лсаниc;l'sanic
органих;organix
оргейникс;organix
органиx;organix
органикс;organix
инофейс;inoface
инофаcе;inoface
инофаце;inoface
лебеладж;lebelage
лебелаге;lebelage
лебелаж;lebelage
планплан;planplan
нохй;no:hj
нохж;no:hj
бергамо;bergamo
бергеймо;bergamo
этуд хаус;etude house
этуде хоусе;etude house
шоп;shop
берризом;berrisom
беррисом;berrisom
лланг;llang
ипкн невиорк;ipkn newyork
ипкн ньюйорк;ipkn newyork
тов cамеллиа;tov camellia
тов кеймеллиа;tov camellia
керасис;kerasys
керейзис;kerasys
керазис;kerasys
бьюти фоот;beauty foot
беаути фот;beauty foot
зе скин;the skin
те скин;the skin
тхе скин;the skin
шов;show
фэктори;factory
фактэри;factory
фактори;factory
фаcтори;factory
грейс;grace
грасе;grace
граце;grace
грак;grace
граче;grace
сорочи;soroci
сороcи;soroci
сороки;soroci
лейдеймер;ladamer
ладамер;ladamer
хелло;hello
элиша кои;elisha coy
элиша cой;elisha coy
фор ме;for me
фор м;for me
тони;tony
тоны;tony
cираcле;ciracle
сиракл;ciracle
киракле;ciracle
цирацле;ciracle
мукунгхва;mukunghwa
тони моли;tony moly
тони молу;tony moly
мэри;mary
привиа;privia
энтел;entel
олив фарм;olive farm
оливе фарм;olive farm
вилляж;village
вилидж;village
виллаге;village
вилладже;village
вилладж;village
хелло эверибоди;hello everybody
энпрани;enprani
энпрейни;enprani
эcопуре;ecopure
экопур;ecopure
хейкен;haken
хакен;haken
секрет кей;secret key
секрет ки;secret key
сеcрет кей;secret key
впров;vprove
впрове;vprove
